title,artist,bpm,energy,danceability,loudness,valence,acousticness,speechiness,instrumentalness
Breathe,Faith Hill,0.525186342017463,0.4378629500580721,0.4425587467362925,0.5297993045812238,0.23881912315487996,0.1811076722985585,0.011217282924802667,0.0
Smooth,Santana,0.37708525590970393,0.9337979094076656,0.5469973890339426,0.8408467028609773,0.9911874862304473,0.16749437273318932,0.021188201080182795,5.113513513513513e-06
Smooth,Rob Thomas,0.37699297224391287,0.6016260162601627,0.5221932114882506,0.5197950344659307,0.7301167658074466,0.002302218391881866,0.013502285002077272,0.8724324324324324
Maria Maria,Santana,0.2487044793071626,0.5598141695702671,0.7663185378590078,0.7174403708900141,0.6816479400749065,0.0424614521097211,0.21271292064810965,0.0021729729729729726
I Wanna Know,Joe,0.5196990132746504,0.4274099883855982,0.6984334203655352,0.7157323247727689,0.5924212381581846,0.272212061697568,0.027420024927295394,1.1783783783783783e-05
Everything You Want,Vertical Horizon,0.22020302406474052,0.745644599303136,0.5822454308093995,0.6895016165436467,0.7433355364617757,0.05408511558476715,0.014540922309929372,0.0
I Knew I Loved You,Savage Garden,0.15727266273869528,0.4390243902439025,0.5483028720626631,0.4765448667114013,0.746640229125358,0.3350426750761953,0.008932280847528049,6.605405405405404e-05
Amazed,Lonestar,0.5460850429473982,0.49245063879210227,0.4843342036553526,0.5608491429268592,0.20026437541308661,0.272212061697568,0.01828001661819692,0.0
Bent,Matchbox Twenty,0.23136224888194795,0.8257839721254356,0.42819843342036557,0.6635759165497469,0.5131086142322099,0.042252016731792345,0.031159119235562943,4.162162162162162e-06
He Wasn't Man Enough,Toni Braxton,0.17841272094839217,0.9616724738675957,0.7167101827676241,0.962361983773562,0.7763824630975986,0.009538210699320435,0.03635230577482343,3.394594594594594e-05
Higher,Creed,0.6598353091502804,0.8257839721254356,0.3511749347258486,0.6977368388946503,0.40735844899757656,0.0,0.02658911508101372,0.00015135135135135131
Try Again,Aaliyah,0.2142187832753602,0.6306620209059234,0.7885117493472587,0.7795400475812848,0.6849526327384887,0.08256832698307816,0.4682176983797258,0.0
Thong Song,Sisqó,0.41650457868957197,0.8931475029036005,0.6736292428198434,0.6547306777282987,0.7191011235955056,0.12456012025779402,0.08683007893643539,0.0001042162162162162
Kryptonite,3 Doors Down,0.2564988996947541,0.8664343786295006,0.4634464751958225,0.7310437381809309,0.5307336417713153,0.006899324937418092,0.010386373078520986,1.189189189189189e-05
There You Go,Pink,0.6631078299141053,0.8966318234610917,0.06788511749347259,0.9139266760202526,0.49988984357788063,0.005799789203292115,0.042999584545076866,0.2324324324324324
Music,Madonna,0.40447220841910986,0.7932636469221835,0.7127937336814621,0.5590800951625695,0.8920467063229787,0.001506363955752588,0.08869962609056918,0.09470270270270269
What a Girl Wants,Christina Aguilera,0.5626535103286718,0.8130081300813009,0.7362924281984334,0.662416885255902,0.8336638025996916,0.07157296964181839,0.18363107602825096,0.0
Back at One,Brian McKnight,0.47473557180379083,0.2636469221835075,0.6148825065274153,0.523211126700421,0.21458471028860987,0.47327002450917516,0.013294557540506853,0.0
Bye Bye Bye,NSYNC,0.7791722865052886,0.9372822299651569,0.5483028720626631,0.7838101628743976,0.8810310641110377,0.032408553969140746,0.050477773161611963,0.001297297297297297
You Sang to Me,Marc Anthony,0.7319088521331725,0.9001161440185832,0.5065274151436031,0.7486122125297383,0.7488433575677462,0.010731992353514352,0.012463647694225179,2.875675675675675e-06
I Need to Know,Marc Anthony,0.3704479307162633,0.9639953542392568,0.8133159268929506,0.9228939181357897,0.8050231328486452,0.5088740387570639,0.020772746157041957,1.054054054054054e-05
Get It On Tonite,Montell Jordan,0.25644210974657494,0.4401858304297329,0.8054830287206267,0.47471481730006715,0.8766248072262612,0.2711648848079242,0.10801828001661821,3.286486486486486e-05
Incomplete,Sisqó,0.4006175906864486,0.37630662020905925,0.7258485639686685,0.6099554687976576,0.23220973782771542,0.2952499532697313,0.1111341919401745,0.0
I Try,Macy Gray,0.09602470362745802,0.6074332171893148,0.5261096605744126,0.6349051424388459,0.7433355364617757,0.3277124368486887,0.013086830078936434,0.000629189189189081
It's Gonna Be Me,'N Sync,0.13925605167885285,0.41927990708478513,0.8093994778067886,0.3200146403952908,0.6728354263053538,0.019632995915486545,0.23764021603656005,1.7081081081081076e-05
Country Grammar (Hot Shit),Nelly,0.7095549087811457,0.6329849012775842,0.8812010443864231,0.6630879033733912,0.5549680546375855,0.007161119159829039,0.17532197756543416,0.0
Bring It All to Me,Blaque,0.18514232980762396,0.5342624854819976,0.6592689295039166,0.7702067955834808,0.7323198942498348,0.00044766812032271904,0.018487744079767346,0.0
Show Me the Meaning of Being Lonely,Backstreet Boys,0.7462341165613686,0.5876887340301975,0.5744125326370758,0.7688647593485025,0.6849526327384887,0.2418439318978982,0.0033236393851267185,0.0
Hot Boyz,Missy Elliott,0.12954497054021435,0.3786295005807201,0.7010443864229765,0.39352162508387734,0.5131086142322099,0.3549390359794272,0.5554632322393019,0.0
Back Here,BBMak,0.2973947611272804,0.9593495934959348,0.566579634464752,0.889587018849509,0.939413967834325,0.0730390172873197,0.022226838388034895,4.9405405405405405e-06
It Feels So Good,Sonique,0.5120749627315966,0.6480836236933799,0.5796344647519582,0.6352711523211128,0.5472571050892268,0.012198039999015656,0.014125467386788534,0.0011135135135135134
Absolutely (Story of a Girl),Nine Days,0.23863846099240432,0.9535423925667827,0.3798955613577023,0.7617885682913439,0.6596166556510246,0.0008791049988559593,0.08807644370585792,0.0
With Arms Wide Open,Creed,0.5393341378575993,0.4878048780487806,0.28720626631853785,0.5660952845726834,0.08790482485128884,0.004396572171169441,0.013710012463647697,0.000962162162162162
Be with You,Enrique Iglesias,0.41967771704408313,0.867595818815331,0.643603133159269,0.7476361861770269,0.5296320775501213,0.041309557531112935,0.01931865392604902,0.0017405405405405403
Come On Over Baby (All I Want Is You),Christina Aguilera,0.3977213033293107,0.9245063879210222,0.8342036553524805,0.8837308607332398,0.7907027979731218,0.23660804744967925,0.17116742833402576,1.3513513513513512e-05
No More,Ruff Endz,0.242265918932349,0.6062717770034843,0.8472584856396868,0.7334228024156653,0.9537343027098482,0.03387460161464205,0.129206481096801,4.929729729729729e-06
All the Small Things,Blink 182,0.6094271313977426,0.9036004645760745,0.31853785900783294,0.7792350393460624,0.686054196959683,0.010731992353514352,0.05234732031574575,0.0
The Way You Love Me,Faith Hill,0.2776602541350181,0.6933797909407665,0.5704960835509139,0.6415543219666932,0.7411324080193875,0.13293753537494432,0.024096385542168683,0.0
I Turn to You,Christina Aguilera,0.4564563072336197,0.4076655052264808,0.5339425587467362,0.5695113768071739,0.2608504075787619,0.3978732884548225,0.029081844619858757,0.0
Never Let You Go,Third Eye Blind,0.36121246539362534,0.9535423925667827,0.7023498694516972,0.7721588482889039,0.997796871557612,0.08518626920718762,0.027420024927295394,0.00017513513513502698
I Need You,LeAnn Rimes,0.5808830836941863,0.7166085946573751,0.37597911227154046,0.6446654059659611,0.5538664904163915,0.02088960818305909,0.027212297465724983,0.00010356756756756755
Thank God I Found You,Mariah Carey,0.4715056435011003,0.47967479674796754,0.20626631853785898,0.7204294515951932,0.0956157743996475,0.6198747890593054,0.019734108849189858,0.0
Let's Get Married,Jagged Edge,0.24086746645843687,0.4332171893147503,0.674934725848564,0.3622277801500642,0.6408900638907249,0.22090039410502244,0.037806398005816366,0.0
My Love Is Your Love,Whitney Houston,0.13938382906225594,0.41347270615563303,0.7571801566579635,0.49899347282376627,0.45362414628772857,0.0586926938991998,0.28126298296634816,5.102702702702701e-06
Then the Morning Comes,Smash Mouth,0.3954284091715767,0.8850174216027875,0.7036553524804178,0.7727688647593486,0.9933906146728355,0.024135856540954827,0.009763190693809723,0.0
Blue (Da Ba Dee),Eiffel 65,0.4623482643572088,0.9872241579558654,0.8250652741514362,0.37949124626364916,0.7752808988764046,0.2711648848079242,0.0718737017033652,0.00016540540540540538
Desert Rose,Sting,0.3486689855895507,0.62137049941928,0.5052219321148825,0.5973281278594522,0.07578761841815379,0.014920699912089502,0.017656834233485658,0.0
Desert Rose,Cheb Mami,0.3699794136437851,0.718931475029036,0.503916449086162,0.5210760690538645,0.37100682969817145,0.23451369367039168,0.022226838388034895,1.9135135135135133e-05
The Real Slim Shady,Eminem,0.2955064953503231,0.629500580720093,0.9908616187989556,0.8203501494540353,0.7697730777704341,0.03157081245742572,0.069796427087661,0.0
Wifey,Next,0.26058067722013206,0.6898954703832753,0.8368146214099219,0.654242664551943,0.6849526327384887,0.07094466350803212,0.16701287910261736,0.0
Wonderful,Everclear,0.8794562362461844,0.8106852497096401,0.42297650130548303,0.6834014518391998,0.7411324080193875,0.012302757687980033,0.05484004985459079,8.918918918918919e-06
Oops!... I Did It Again,Britney Spears,0.22841627032015338,0.8304297328687572,0.7323759791122716,0.747148173000671,0.9173826834104428,0.3140991372833195,0.041753219775654354,1.9135135135135133e-05
I Wanna Love You Forever,Jessica Simpson,0.29222687584297585,0.6353077816492452,0.5221932114882506,0.832367473921796,0.014430491297642664,0.16330566517461415,0.0016618196925633627,0.0
Give Me Just One Night (Una Noche),98 Degrees,0.4312841627032015,0.7793263646922184,0.4608355091383812,0.7043860184224975,0.6541088345450541,0.05366624482890962,0.052970502700457,3.837837837837837e-06
Take a Picture,Filter,0.256335628593739,0.7630662020905924,0.45822454308094007,0.5886658939791376,0.24322538003965632,0.001485420417959712,0.012879102617366016,0.00023891891891881077
Otherside,Red Hot Chili Peppers,0.4284304678071981,0.7851335656213706,0.349869451697128,0.8800707619105717,0.4976867151354925,0.0032551493614577124,0.07021188201080183,0.00021837837837837835
Big Pimpin',Jay-Z,0.5338752040888763,0.8072009291521488,0.9007832898172325,0.6945037516012933,0.9702577660277596,0.1758717878503396,0.24179476526796845,0.007264864864864864
Purest of Pain (A Puro Dolor),Son by Four,0.50565769858735,0.9523809523809523,0.5261096605744126,0.8699444885011896,0.7510464860101345,0.4711756707298876,0.07893643539675947,1.4378378378378375e-05
He Can't Love U,Jagged Edge,0.45008163555050756,0.8327526132404182,0.6932114882506527,0.8369425974501312,0.4921788940295219,0.11722988203028752,0.37889488990444536,0.0
Separated,Avant,0.3220344998935189,0.41927990708478513,0.7937336814621412,0.7398279753553347,0.6408900638907249,0.2585987621321988,0.008309098462816786,0.0
I Wish,Carl Thomas,0.19129694044154183,0.6353077816492452,0.7127937336814621,0.7785640212285732,0.1793346552103988,0.06204365994605992,0.020980473618612383,4.129729729729729e-05
U Know What's Up,Donell Jones,0.28505714488535533,0.49245063879210227,0.8668407310704962,0.7031049838345635,0.8887420136593964,0.04204258135386359,0.12629829663481512,6.194594594594593e-05
Faded,soulDecision,0.32014623411656135,0.7003484320557491,0.6566579634464753,0.6896236198377357,0.9900859220092533,0.25545723146326743,0.03842958039052763,0.0
Only God Knows Why,Kid Rock,0.47081706537942775,0.7317073170731707,0.5718015665796345,0.7632526078204112,0.274069178233091,0.059530435410914836,0.013294557540506853,0.002205405405405405
Shake Ya Ass,Mystikal,0.24971959963086537,0.5667828106852497,0.9451697127937337,0.7340938205331544,0.666226040978189,0.06549934368188443,0.6157041960947237,0.0
Bag Lady,Erykah Badu,0.6268545467452262,0.3449477351916376,0.6971279373368147,0.532422375404136,0.5692883895131087,0.38216563511016566,0.12567511425010386,0.0
Meet Virginia,Train,0.1926882941719315,0.5040650406504066,0.633159268929504,0.604953333740011,0.5869134170522141,0.09031743596644219,0.0519318653926049,8.194594594594594e-06
Party Up (Up in Here),DMX,0.27048342443387524,0.8304297328687572,0.7127937336814621,0.8930641127310438,0.19035029742233978,0.08057869089275496,0.1522642293311176,0.0
Case of the Ex (Whatcha Gonna Do),Mýa,0.24934336622417835,0.6562137049941928,0.762402088772846,0.791252363813823,0.3225380039656312,0.07188712270871153,0.03572912339011218,0.00010097297297297295
Forgot About Dre,Dr. Dre,0.5047064669553489,0.7212543554006969,0.95822454308094,1.0,0.6166556510244547,0.08654759916372455,0.11175737432488574,0.0
Swear It Again,Westlife,0.4770000709874352,0.47967479674796754,0.5691906005221933,0.6397242725553591,0.29610046265697293,0.30991042972474436,0.008101371001246367,0.0
The Next Episode,Dr. Dre,0.23013416625257327,0.9175377468060395,0.9556135770234988,0.9310681388397487,0.2729676140118969,0.029371740989173764,0.511840465309514,0.0
From the Bottom of My Broken Heart,Britney Spears,0.08593029033861005,0.6341463414634148,0.6357702349869453,0.7638016226438114,0.7102886098259529,0.5863651285907042,0.01433319484835896,1.0918918918918918e-06
Crash and Burn,Savage Garden,0.27794420387591395,0.5667828106852497,0.510443864229765,0.5632892088086379,0.16721744877726372,0.19786250253285914,0.009140008309098467,1.7297297297297294e-06
Yes!,Chad Brock,0.4519840988145098,0.5853658536585367,0.6318537859007833,0.7150613066552798,0.4304912976426526,0.004218552099929997,0.009763190693809723,6.064864864864864e-05
The Best Day,George Strait,0.49307872506566347,0.43089430894308944,0.5966057441253264,0.7715488318184591,0.2608504075787619,0.7078376477893835,0.010801828001661823,0.0
Where I Wanna Be,Donell Jones,0.27810747497692906,0.32171893147502906,0.6187989556135771,0.5222351003477095,0.4315928618638467,0.5444780530049527,0.012879102617366016,0.0
How Do You Like Me Now?!,Toby Keith,0.3317455810321573,0.6364692218350756,0.5979112271540471,0.5310803391691576,0.6695307336417715,0.055865316297161585,0.015579559617781472,7.502702702702702e-06
My Best Friend,Tim McGraw,0.6022503016965999,0.4239256678281068,0.33159268929503916,0.572256450924175,0.22229565983696853,0.12560729714743782,0.011009555463232241,0.0
Broadway,Goo Goo Dolls,0.4963086533683538,0.8815331010452963,0.4399477806788512,0.7312877447691088,0.7664683851068519,0.0005272535639355421,0.03905276277523889,0.0
Don't Think I'm Not,Kandi,0.5049407254915881,0.5842044134727061,0.8733681462140992,0.5792716403342891,0.4095615774399648,0.06916446279563769,0.0434150394682177,0.0
I Hope You Dance,Lee Ann Womack,0.6275431248668986,0.37630662020905925,0.2545691906005222,0.49197828341365224,0.23551443049129767,0.06612764981567071,0.012255920232654753,0.0
Better Off Alone,Alice Deejay,0.5258678213956132,0.8861788617886179,0.6279373368146215,0.7041420118343196,0.7995153117426748,0.0018414605604385999,0.0656418778562526,0.721081081081081
Dance with Me,Debelah Morgan,0.37005040107900905,0.6445993031358885,0.8616187989556137,0.5923869944488502,0.7477417933465522,0.3235237292901136,0.028458662235147494,0.0006972972972972972
What About Now,Lonestar,0.4472350393980266,0.8130081300813009,0.6174934725848564,0.6239248459708413,0.7367261511346113,0.15388107316782007,0.020565018695471546,0.0
I Like It,Sammie,0.47623340668701636,0.6236933797909409,0.8302872062663187,0.5589580918684806,0.8711169861202908,0.010522556975585596,0.07914416285832988,0.00012216216216216213
24/7,Kevon Edmonds,0.37744729182934617,0.5900116144018583,0.6605744125326372,0.7358628682974442,0.28728794888742015,0.07167768733078278,0.02035729123390112,0.0
Girl on TV,LFO,0.23544402640732592,0.6933797909407665,0.6501305483028722,0.8351735496858416,0.320334875523243,0.13712624293351947,0.012671375155795597,0.0
I Don't Wanna,Aaliyah,0.47663803506779306,0.45876887340301975,0.674934725848564,0.6347831391447569,0.6893588896232652,0.5413365223360214,0.024719567926879932,0.0
Gotta Tell You,Samantha Mumba,0.33440051110953367,0.7328687572590011,0.7167101827676241,0.8039407063990729,0.7675699493280459,0.21461733276715972,0.008724553385957623,0.0
Waiting for Tonight,Jennifer Lopez,0.44109462625115364,0.9593495934959348,0.6592689295039166,0.7031659854816081,0.8578982154659618,0.0035169435838686594,0.037806398005816366,0.07859459459459459
Shackles (Praise You),Mary Mary,0.2667991765457514,0.8304297328687572,0.7689295039164492,0.910083572256451,0.813835646618198,0.03586423770496524,0.28749480681346073,0.0
Hanging by a Moment,Lifehouse,0.4378575992049408,0.8652729384436701,0.45822454308094007,0.7794180442871959,0.411764705882353,0.001181739119963014,0.025135022850020783,0.0
Fallin',Alicia Keys,0.23503939802654933,0.5691056910569106,0.6031331592689295,0.6205697553833954,0.4635382242784754,0.27535359236649937,0.02783547985043623,0.0010918918918918917
All for You,Janet Jackson,0.35954426066586215,0.9465737514518002,0.7349869451697129,0.8955651802598671,0.7367261511346113,0.018166948269985238,0.10386373078520982,0.07027027027027026
Drops of Jupiter (Tell Me),Train,0.11491446014055512,0.6027874564459931,0.3798955613577023,0.7216494845360826,0.48006168759638695,0.1601641345056828,0.008309098462816786,0.0
I'm Real,Jennifer Lopez,0.1461205366650103,0.5435540069686411,0.6762402088772845,0.5954980784481182,0.5428508482044505,0.2858253612629373,0.26464478604071456,0.0
I'm Real,Ja Rule,0.1457159082842337,0.59465737514518,0.6657963446475197,0.7080461172451658,0.5472571050892268,0.419864003137342,0.17324470294972993,0.0
If You're Gone,Matchbox Twenty,0.3340455739334139,0.6271777003484321,0.4621409921671019,0.6405782956139816,0.33024895351398986,0.44709060226808045,0.012879102617366016,1.4378378378378375e-06
Let Me Blow Ya Mind,Eve,0.19277347909420034,0.5087108013937283,0.93733681462141,0.8204111511010798,0.9206873760740253,0.25336287768397986,0.17324470294972993,0.0
Thank You,Dido,0.1214453041811599,0.5389082462253194,0.6984334203655352,0.47276276459464417,0.7719762062128224,0.3140991372833195,0.039675945159950154,0.0002572972972971891
Again,Lenny Kravitz,0.11563853197983959,0.7955865272938445,0.4699738903394257,0.7609345452327214,0.801718440185063,0.015444288356911397,0.007270461154964686,4.6810810810810806e-05
Hit 'Em Up Style (Oops!),Blu Cantrell,0.19237594945694608,0.7595818815331011,0.622715404699739,0.7752699322881719,0.6673276051993833,0.21042862520858457,0.07270461154964687,0.0
It Wasn't Me,Shaggy,0.2263292397245688,0.5656213704994193,0.8655352480417755,0.7988775696943817,0.6530072703238599,0.0586926938991998,0.09908599916909015,0.0
Stutter,Joe,0.19246823312273736,0.743321718931475,0.7532637075718016,0.681754407368999,0.6783432474113242,0.05366624482890962,0.19401744910677193,0.0
It's Been Awhile,Staind,0.40254135018101794,0.8072009291521488,0.3067885117493473,0.7678277313487465,0.01850627891606081,0.0011189085065843867,0.04507685916078105,0.053945945945945935
U Remind Me,Usher,0.2208348122382338,0.5923344947735192,0.6096605744125327,0.778015006405173,0.7323198942498348,0.20309838698107807,0.11341919401744911,0.0
Where the Party At,Jagged Edge,0.4728827997444453,0.629500580720093,0.5300261096605744,0.6986518636003173,0.8799294998898437,0.32457090617975737,0.4204403822185293,0.0
Angel,Shaggy,0.7642152339035992,0.7514518002322881,0.7180156657963447,0.899957298847069,0.8215465961665567,0.12141858958886267,0.3207312006647279,0.0
Angel,Rayvon,0.12609498118832968,0.0,0.06266318537859006,0.24961873970597215,0.00154218990967174,1.0,0.02991275446614043,0.0014378378378378377
Ride wit Me,Nelly,0.27684389862994246,0.6747967479674798,0.8616187989556137,0.6833404501921552,0.7279136373650583,0.06445216679224064,0.05027004570004155,1.9459459459459456e-06
Follow Me,Uncle Kracker,0.2991268545467452,0.5412311265969802,0.8185378590078329,0.7932654181662906,0.9416170962767132,0.45965672494380594,0.013502285002077272,0.0
Peaches & Cream,112,1.0000000000000002,0.48548199767711975,0.6736292428198434,0.6920636857195145,0.7862965410883456,0.009234529401323736,0.6738678853344412,0.0
Drive,Incubus,0.19655710939163767,0.7816492450638793,0.5939947780678851,0.6314890502043555,0.666226040978189,0.058797411588164185,0.02575820523473203,0.013081081081081079
What Would You Do?,City High,0.23426563498260805,0.7839721254355402,0.7088772845953003,0.6577807600805223,0.8490857016964091,0.2711648848079242,0.4142085583714167,0.0
Lady Marmalade,Christina Aguilera,0.3338255128842195,0.8037166085946574,0.7362924281984334,0.854816080034161,0.6364838070059484,0.019318842848593407,0.06751142501038637,5.6e-06
Lady Marmalade,Lil' Kim,0.3346205721587279,0.3240418118466899,0.89556135770235,0.3813822973220278,0.8645076007931263,0.0018728758671279135,0.027004570004154557,0.2659459459459459
Lady Marmalade,Mýa,0.3346205721587279,0.3240418118466899,0.89556135770235,0.3813822973220278,0.8645076007931263,0.0018728758671279135,0.027004570004154557,0.2659459459459459
Lady Marmalade,Pink,0.3346205721587279,0.3240418118466899,0.89556135770235,0.3813822973220278,0.8645076007931263,0.0018728758671279135,0.027004570004154557,0.2659459459459459
Ms. Jackson,Outkast,0.22767090225030168,0.7979094076655053,0.8524804177545693,0.716525346184347,0.607843137254902,0.1496923656092449,0.5097631906938097,0.0
Love Don't Cost a Thing,Jennifer Lopez,0.24633349897068219,0.8397212543554007,0.7780678851174936,0.7672177148783017,0.687155761180877,0.003139959903596896,0.09783963439966763,3.827027027027026e-06
The Way You Love Me,Faith Hill,0.2776602541350181,0.6933797909407665,0.5704960835509139,0.6415543219666932,0.7411324080193875,0.13293753537494432,0.024096385542168683,0.0
He Loves U Not,Dream,0.6603393199403707,0.9372822299651569,0.6945169712793734,0.7224425059476607,0.5990306234853493,0.09890428646152125,0.38512671375155794,2.9189189189189184e-06
Butterfly,Crazy Town,0.2883935543408816,0.8037166085946574,0.7127937336814621,0.8248642713353261,0.6034368803701256,0.0013283438845131442,0.11923556294142086,0.00015351351351340536
Put It on Me,Ja Rule,0.21483637396180882,0.7793263646922184,0.8368146214099219,0.7916793753431344,0.803921568627451,0.002459294925328434,0.29372663066057336,0.0
Put It on Me,Vita,0.23848228863491167,0.49128919860627185,0.3798955613577023,0.614408589031904,0.33575677461996034,0.06790785052806514,0.7050270045700041,0.0
Family Affair,Mary J. Blige,0.21304039185064244,0.5017421602787457,0.9412532637075719,0.8504849630940036,1.0,0.13817341982316328,0.04424594931449939,4.4540540540540534e-05
I Hope You Dance,Lee Ann Womack,0.6275431248668986,0.37630662020905925,0.2545691906005222,0.49197828341365224,0.23551443049129767,0.06612764981567071,0.012255920232654753,0.0
South Side,Moby,0.2432881379995741,0.70267131242741,0.5496083550913838,0.6173366680900385,0.4282881692002644,0.010836710042478732,0.03842958039052763,0.048864864864864854
South Side,Gwen Stefani,0.2428480159011855,0.429732868757259,0.4347258485639687,0.4920392850606967,0.320334875523243,0.004312798019997938,0.019941836310760283,0.0881081081081081
Don't Tell Me,Madonna,0.26328529850216514,0.5795586527293844,0.6644908616187991,0.6316110534984445,0.6805463758537125,0.05251435025030146,0.07436643124221022,0.0009999999999998916
Get Ur Freak On,Missy Elliott,0.8163129126144673,0.7328687572590011,0.7924281984334205,0.5077167083511256,0.7477417933465522,0.5580913525703219,0.46406314914831737,0.11675675675675674
Crazy,K-Ci & JoJo,0.3780222900546603,0.6144018583042974,0.6357702349869453,0.810833892515098,0.42608504075787623,0.10330242939802514,0.004777731616119656,0.0
Fill Me In,Craig David,0.49419322779867964,0.7259001161440186,0.6422976501305484,0.6533886414933203,0.8435778805904386,0.39368458089624736,0.02679684254258413,0.010281081081081079
Someone to Call My Lover,Janet Jackson,0.4614822176474765,0.9233449477351916,0.7154046997389034,0.8228512169828586,0.9625468164794009,0.15073954249888868,0.04113003739094309,0.00107027027027027
With Arms Wide Open,Creed,0.5393341378575993,0.4878048780487806,0.28720626631853785,0.5660952845726834,0.08790482485128884,0.004396572171169441,0.013710012463647697,0.000962162162162162
Case of the Ex (Whatcha Gonna Do),Mýa,0.24934336622417835,0.6562137049941928,0.762402088772846,0.791252363813823,0.3225380039656312,0.07188712270871153,0.03572912339011218,0.00010097297297297295
All or Nothing,O-Town,0.45429119045928873,0.38792102206736356,0.5887728459530026,0.7754529372293053,0.17052214144084601,0.2743064154768556,0.009347735770668886,0.0
Kryptonite,3 Doors Down,0.2564988996947541,0.8664343786295006,0.4634464751958225,0.7310437381809309,0.5307336417713153,0.006899324937418092,0.010386373078520986,1.189189189189189e-05
Fiesta,R. Kelly,0.2126783559310002,0.4274099883855982,0.9530026109660577,0.738973952296712,0.8204450319453624,0.010731992353514352,0.3290402991275446,0.0
When It's Over,Sugar Ray,0.26314332363171716,0.761904761904762,0.633159268929504,0.7271396327700849,0.9603436880370126,0.04047181601939791,0.059410054009140026,0.0
Jaded,Aerosmith,0.39119045928870594,0.867595818815331,0.42819843342036557,0.8061977673397183,0.6717338620841595,0.004270910944412186,0.05670959700872456,2.0864864864864863e-05
Promise,Jagged Edge,0.4623127706395969,0.521486643437863,0.7323759791122716,0.7479411944122492,0.6441947565543071,0.14236212738173842,0.13211466555878687,0.0
Missing You,Case,0.16635195570384048,0.5342624854819976,0.5509138381201044,0.6877935704264015,0.7213042520378938,0.29839148393866266,0.06584960531782302,0.0
Differences,Ginuwine,0.0,0.5516840882694541,0.4856396866840732,0.7999755993411822,0.39854593522802384,0.33294832129690766,0.06688824262567512,0.0
This I Promise You,NSYNC,0.7318733584155606,0.5435540069686411,0.4699738903394257,0.6962117977185385,0.44591319673936997,0.370646689324084,0.01931865392604902,0.0
Izzo (H.O.V.A.),Jay-Z,0.15287144175480943,0.8420441347270615,0.5587467362924282,0.8321234673336181,0.7003745318352061,0.018585819025842755,0.661404237640216,0.0001362162162162162
Superwoman Pt. II,Lil' Mo,0.23311563853197986,0.49012775842044143,0.7545691906005223,0.7630696028792778,0.6430931923331131,0.29943866082830645,0.15870378063980062,0.0
Crazy for This Girl,Evan and Jaron,0.2206857386242635,0.9372822299651569,0.34856396866840733,0.746111145000915,0.3842256003525006,0.00045604553543976455,0.02991275446614043,6.151351351351351e-05
Nobody Wants to Be Lonely,Ricky Martin,0.26957478526300843,0.8536585365853658,0.5809399477806789,0.7730128713475264,0.5825071601674379,0.006009224581220873,0.07810552555047777,0.008972972972972972
I Just Wanna Love U (Give It 2 Me),Jay-Z,0.25381557464328813,0.9326364692218352,0.7963446475195823,0.7666076984078571,0.814937210839392,0.3151463141729633,0.449522226838388,1.0064864864864863e-05
One Minute Man,Missy Elliott,0.21979839568396392,0.6387921022067364,0.5639686684073107,0.5656682730433722,0.560475875743556,0.02780097565470808,0.6343996676360615,3.2108108108108103e-06
Danger (Been So Long),Mystikal,0.24911620643146165,0.8617886178861789,0.9530026109660577,0.7476971878240714,0.7235073804802821,0.22090039410502244,0.4038221852928957,2.7999999999999996e-05
Only Time,Enya,0.14145666217079572,0.15098722415795587,0.2976501305483029,0.24083450253156846,0.16721744877726372,0.8806218345806084,0.013502285002077272,0.7145945945945945
I Do!!,Toya,0.6629374600695679,0.5389082462253194,0.7715404699738904,0.6015982431525652,0.9350077109495485,0.08989856521058467,0.08142916493560447,0.0023351351351351348
Never Had a Dream Come True,S Club 7,0.426315042237524,0.4819976771196284,0.5861618798955615,0.7383639358262674,0.41066314166115886,0.5319119303292272,0.009347735770668886,0.0
Stranger in My House,Tamia,0.4050827003620359,0.5598141695702671,0.6344647519582246,0.7800280607576404,0.15950649922890506,0.10780529002349343,0.012671375155795597,0.0
Irresistible,Jessica Simpson,0.21389933981685244,0.9837398373983739,0.612271540469974,0.9094735557860063,0.6893588896232652,0.029162305611245005,0.06273369339426672,8.918918918918918e-05
Heard It All Before,Sunshine Anderson,0.24188968552566198,0.9361207897793264,0.6618798955613578,0.8224852071005918,0.6794448116325182,0.06424273141431189,0.3996676360614873,0.0
The Space Between,Dave Matthews Band,0.7606729608859233,0.7096399535423926,0.28198433420365543,0.6962727993655828,0.16060806345009915,0.04926810189240572,0.016410469464063146,0.0
There You'll Be,Faith Hill,0.4695463902889188,0.47967479674796754,0.17624020887728464,0.6395412676142256,0.11103767349636487,0.5193458076535018,0.014956377233070223,0.0
Love,Musiq Soulchild,0.2616738837225811,0.3089430894308943,0.4947780678851176,0.47416580247666695,0.3060145406477198,0.3580805666483586,0.05463232239302036,0.0
No More (Baby I'ma Do Right),3LW,0.18497195996308663,0.7015098722415796,0.6932114882506527,0.6473494784359178,0.7708746419916281,0.10675811313384964,0.08205234732031576,4.756756756756756e-06
Turn Off the Light,Nelly Furtado,0.8329594661744872,0.6596980255516842,0.52088772845953,0.6996888916000732,0.6474994492178894,0.08141643240446998,0.152471956792688,0.0003124324324324324
Play,Jennifer Lopez,0.2970327252076382,0.7084785133565621,0.7637075718015667,0.8212651741597023,0.918484247631637,0.031675530146390095,0.28749480681346073,0.00267027027027027
I'm Already There,Lonestar,0.5017675871370768,0.3797909407665505,0.5483028720626631,0.6974928323064724,0.6056400088125138,0.9591601013038925,0.08703780639800583,0.0
My Baby,Lil' Romeo,0.24524029246823315,0.745644599303136,0.822454308093995,0.9136826694320748,0.5758977748402732,0.050315278782049506,0.40589945990859994,0.0
Beautiful Day,U2,0.521069070774473,0.9372822299651569,0.4556135770234988,0.6830354419569329,0.4326944260850408,0.014606546845196366,0.05463232239302036,0.0014702702702702702
Austin,Blake Shelton,0.4048981330304537,0.5691056910569106,0.54177545691906,0.6483865064356739,0.23551443049129767,0.19681532564321536,0.008724553385957623,0.0
Southern Hospitality,Ludacris,0.22916163839000497,0.902439024390244,0.5652741514360313,0.791374367107912,0.607843137254902,0.0365972615277159,0.46406314914831737,0.0
Grown Men Don't Cry,Tim McGraw,0.27641797401859874,0.45760743321718933,0.6096605744125327,0.5598731165741476,0.549460233531615,0.208334271429297,0.0008309098462816814,0.0
Livin' It Up,Ja Rule,0.30631788173493296,0.7607433217189316,0.8942558746736293,0.8299274080400172,0.6001321877065433,0.0572266462536985,0.5928541753219776,0.0
Loverboy,Mariah Carey,0.2858309079292966,0.7793263646922184,0.6932114882506527,0.8276093454523272,0.8369684952632739,0.1915794411949964,0.2085583714167013,0.0
Contagious,The Isley Brothers,0.35598069141761907,0.3832752613240419,0.6775456919060052,0.6369181967913133,0.15730337078651685,0.2512685239046923,0.03406730369754882,0.0
Who I Am,Jessica Andrews,0.15023070916447795,0.6445993031358885,0.35639686684073113,0.7484902092356495,0.21788940295219217,0.011988604621086897,0.01724137931034482,0.0
Music,Erick Sermon,0.263604741960673,0.40301974448315914,0.9229765013054831,0.5269932288171781,0.9063670411985019,0.19576814875357154,0.3726630660573328,1.4594594594594592e-06
Music,Marvin Gaye,0.2922694683041102,0.6027874564459931,0.8825065274151436,0.6047093271518331,0.813835646618198,0.2648818234700615,0.022226838388034895,0.0002713513513513513
I Wanna Be Bad,Willa Ford,0.8315681124440975,0.8118466898954705,0.5966057441253264,0.8675654242664552,0.8314606741573034,0.24498546256682957,0.08537598670544246,2.043243243243243e-05
Don't Happen Twice,Kenny Chesney,0.6808333924895293,0.684088269454123,0.4033942558746737,0.6504605624351858,0.6122493941396785,0.006501397719353453,0.013502285002077272,1.2432432432432431e-05
One More Day,Diamond Rio,0.48404912330517497,0.33217189314750295,0.6240208877284597,0.6138595742085038,0.19035029742233978,0.6198747890593054,0.008516825924387204,0.0
I Wish,R. Kelly,0.11325335415631438,0.3995354239256679,0.30026109660574407,0.5268102238760448,0.6585150914298303,0.07115409888596089,0.2002492729538845,0.0
It's a Great Day to Be Alive,Travis Tritt,0.5529495279335559,0.8536585365853658,0.19060052219321155,0.9636430183614958,0.5230226922229566,0.2910612457111562,0.042999584545076866,0.0
I'm a Thug,Trick Daddy,0.8292326258252289,0.6445993031358885,0.5522193211488251,0.7889343012261332,0.6530072703238599,0.09178348361194348,0.5596177814707104,0.0
You Shouldn't Kiss Me Like This,Toby Keith,0.7512671257187478,0.6341463414634148,0.32506527415143605,0.6112975050326359,0.29389733421458475,0.49630791608133845,0.023888658080598257,1.686486486486486e-05
Dance with Me,Debelah Morgan,0.37005040107900905,0.6445993031358885,0.8616187989556137,0.5923869944488502,0.7477417933465522,0.3235237292901136,0.028458662235147494,0.0006972972972972972
"So Fresh, So Clean",Outkast,0.7322495918222476,0.6051103368176539,0.6984334203655352,0.5970231196242299,0.940515532055519,0.029371740989173764,0.6406314914831741,0.0
E.I.,Nelly,0.19147440902960183,0.42044134727061555,0.8407310704960835,0.601964253034832,0.3798193434677242,0.07659941871210857,0.3415039468217698,0.0
Be Like That,3 Doors Down,0.23501100305245975,0.6771196283391406,0.3877284595300261,0.7106081864210334,0.2696629213483146,0.005475164367502542,0.00041545492314084415,5.372972972972972e-06
Oochie Wally,Nas,0.2188400653084404,0.743321718931475,0.6070496083550915,0.6883425852498017,0.7157964309319234,0.05712192856473413,0.6177814707104279,0.0006335135135134052
Oochie Wally,Bravehearts,0.21563853197983957,0.35423925667828104,0.5169712793733682,0.0,0.801718440185063,0.06727954439427886,0.7444952222683839,0.0007232432432432431
Hero,Enrique Iglesias,0.6323773692056507,0.6178861788617886,0.510443864229765,0.7365948880619777,0.09341264595725932,0.1496923656092449,0.032405484004985455,1.1351351351351349e-05
Hemorrhage (In My Hands),Fuel,0.6327890963299496,0.8176538908246226,0.14490861618798956,0.8308424327456841,0.34236615994712494,9.686386229205031e-05,0.040922309929372666,0.00033405405405405395
How You Remind Me,Nickelback,0.775310570029105,0.7491289198606272,0.3342036553524804,0.7716708351125481,0.5307336417713153,0.0013597591912024578,0.019526381387619446,0.0
Foolish,Ashanti,0.19339106978064885,0.6689895470383276,0.6201044386422977,0.7276886475934852,0.7113901740471469,0.36331645109657745,0.0614873286248442,0.0
Hot in Herre,Nelly,0.31375736494640455,0.727061556329849,1.0,0.7893003111084,0.9372108393919367,0.2156645096568035,0.2002492729538845,0.0
Dilemma,Nelly,0.7475899765741465,0.5029036004645762,0.7010443864229765,0.5867138412737145,0.6012337519277373,0.23765522433932304,0.24179476526796845,0.00017729729729729727
Wherever You Will Go,The Calling,0.34891034286931216,0.6968641114982579,0.48041775456919067,0.7673397181723907,0.3412645957259309,0.038377462240110335,0.006439551308683011,0.0
A Thousand Miles,Vanessa Carlton,0.22755022361042093,0.8199767711962835,0.48302872062663194,0.843652778625023,0.227803480942939,0.33818420574512664,0.02970502700457002,0.0
In the End,Linkin Park,0.30004259246113435,0.8652729384436701,0.4778067885117494,0.7211614713597267,0.37320995814055963,0.009978024992970826,0.07228915662650603,0.0
What's Luv?,Fat Joe,0.21996876552850148,0.7375145180023229,0.8472584856396868,0.8251692795705485,0.8865388852170082,0.012407475376944414,0.11591192355629414,5.113513513513513e-06
U Got It Bad,Usher,0.4341662525732946,0.44250871080139376,0.8172323759791125,0.8016226438113829,0.6474994492178894,0.023716985785097313,0.013294557540506853,1.6540540540540538e-06
Blurry,Puddle of Mudd,0.6714417548093987,0.9512195121951219,0.314621409921671,0.8043067162813397,0.5087023573474334,0.008375844351815832,0.0635646032405484,0.0
Complicated,Avril Lavigne,0.10726911336693407,0.7630662020905924,0.5156657963446475,0.7194534252424816,0.4029521921128002,0.05984458847780797,0.04632322393020358,8.367567567567566e-06
Always on Time,Ja Rule,0.23976716121246539,0.6736353077816494,0.8381201044386424,0.6935887268956262,0.872218550341485,0.2114758020982284,0.38512671375155794,0.0
Always on Time,Ashanti,0.2586214240079507,0.7665505226480837,0.7219321148825065,0.7018239492466297,0.665124476756995,0.1020458171304526,0.06314914831740756,3.0810810810810804e-06
Ain't It Funny (Murder Remix),Jennifer Lopez,0.1885000354937177,0.7282229965156795,0.7715404699738904,0.9153907155493199,0.7984137475214805,0.38111845822052187,0.30411300373909433,0.0
The Middle,Jimmy Eat World,0.7047348619294385,0.8478513356562137,0.5913838120104439,0.7481241993533826,0.9272967614011898,0.038796332995967846,0.060240963855421686,0.0
I Need a Girl (Part One),P. Diddy,0.18696670689287992,0.6178861788617886,0.7127937336814621,0.4480570975416337,0.9537343027098482,0.4449962484887929,0.062318238471125886,0.007805405405405404
U Don't Have to Call,Usher,0.263569248243061,0.521486643437863,0.787206266318538,0.7767949734642836,0.8204450319453624,0.05000112571515637,0.04632322393020358,3.8594594594594586e-05
Family Affair,Mary J. Blige,0.21304039185064244,0.5017421602787457,0.9412532637075719,0.8504849630940036,1.0,0.13817341982316328,0.04424594931449939,4.4540540540540534e-05
I Need a Girl (Part Two),P. Diddy,0.9716334208845034,0.33101045296167253,0.5221932114882506,0.5114378088208382,0.8050231328486452,0.3434200901933456,0.8296634815122559,0.0
Gangsta Lovin',Eve,0.2232980762405054,0.8373983739837398,0.695822454308094,0.8643323369730983,0.8435778805904386,0.06476631985913378,0.0772746157041961,0.0
My Sacrifice,Creed,0.592553418045006,0.8838559814169571,0.16971279373368148,0.7110961995973892,0.21568627450980393,5.1835256037367476e-05,0.05567095970087246,4.659459459459459e-06
Without Me,Eminem,0.3504081777525378,0.6387921022067364,0.93733681462141,0.9067894833160496,0.6618197840934128,0.0029409962945645767,0.10427918570835067,0.0
Hero,Enrique Iglesias,0.6323773692056507,0.6178861788617886,0.510443864229765,0.7365948880619777,0.09341264595725932,0.1496923656092449,0.032405484004985455,1.1351351351351349e-05
All You Wanted,Michelle Branch,0.23586995101866964,0.6980255516840883,0.4033942558746737,0.5240651497590435,0.6508041418814718,0.004825914695923393,0.010386373078520986,0.003275675675675675
Hero,Chad Kroeger,0.5999219138212537,0.8408826945412311,0.30939947780678856,0.8022936619288721,0.2674597929059264,0.0022079724718139255,0.02658911508101372,0.0
Hero,Josey Scott,0.5982395116064458,0.4622531939605111,0.2597911227154047,0.32861587262856107,0.12315487992949989,0.0005963672386521368,0.025965932696302457,0.4994594594594594
Wasting My Time,Default,0.6050543053879465,0.7630662020905924,0.3381201044386424,0.7379979259440006,0.1506939854593523,0.001736742871474221,0.017864561695056083,0.0
One Last Breath,Creed,0.4523745297082417,0.6480836236933799,0.2558746736292429,0.7236015372415056,0.14738929279577,0.008752828032087595,0.022850020772746157,0.003956756756756756
"Whenever, Wherever",Shakira,0.3178888336764392,0.8281068524970965,0.7885117493472587,0.7826511315805527,0.8920467063229787,0.2481269932357609,0.035521395928541755,1.2324324324324322e-05
I'm Gonna Be Alright,Jennifer Lopez,0.22076382480300988,0.5725900116144019,0.8524804177545693,0.7919233819313123,0.803921568627451,0.05994930616677235,0.27710843373493976,0.0003297297297297297
Heaven,DJ Sammy,0.5330375523532336,0.9686411149825784,0.49738903394255884,0.7375709144146892,0.5946243666005728,0.001097964968791511,0.06481096800997092,0.000655135135135135
Heaven,Yanou,0.5330943423014127,0.8095238095238096,0.8028720626631856,0.46568657353748555,0.9140779907468606,0.06989748661838834,0.12442874948068137,0.9999999999999999
Heaven,Do,0.6048910342869311,0.613240418118467,0.15143603133159267,0.47111572012444347,0.2861863846662261,0.0803692555148262,0.01661819692563357,0.0
Hey Baby,No Doubt,0.21830056080073829,0.8745644599303135,0.6723237597911227,0.8622582809735864,0.7587574355584932,0.0646616021701694,0.21271292064810965,0.0
Girlfriend,NSYNC,0.22067863988074105,0.8013937282229966,0.7284595300261097,0.7612395534679437,0.8887420136593964,0.08968912983265591,0.13876194432904027,1.6e-05
Girlfriend,Nelly,0.42679775679704696,0.9849012775842043,0.6161879895561359,0.8504239614469591,0.3258426966292135,0.06235781301295306,0.04424594931449939,0.08302702702702701
Just a Friend 2002,Mario,0.4931497125008874,0.6480836236933799,0.4543080939947781,0.707192094186543,0.9383124036131307,0.005611297363156234,0.33942667220606565,0.0
Soak Up the Sun,Sheryl Crow,0.40548022999929006,0.7131242740998839,0.6879895561357703,0.7751479289940828,0.7179995593743116,0.041623710598006076,0.039675945159950154,0.0
Nothin',N.O.R.E.,0.24248597998154325,0.8641114982578397,0.7845953002610968,0.7060330628926981,0.7499449217889405,0.33190114440726387,0.26464478604071456,1.2216216216216214e-06
Oops (Oh My),Tweet,0.6891957123589125,0.4843205574912892,0.6135770234986946,0.5432806685780517,0.7862965410883456,0.24393828567718578,0.5533859576235978,0.0072324324324324315
A Moment Like This,Kelly Clarkson,0.5842833818414142,0.5261324041811848,0.2924281984334204,0.8402366863905326,0.10883454505397666,0.17063590340212068,0.015579559617781472,0.0
Addictive,Truth Hurts,0.25835877049762196,0.6480836236933799,0.6671018276762404,0.6771792838406637,0.33685833884115446,0.07712300715693046,0.25633568757789776,0.00017513513513502698
Happy,Ashanti,0.18891176261801662,0.45993031358885017,0.7010443864229765,0.6794973464283536,0.6981714033928179,0.2523157007943361,0.011009555463232241,4.043243243243243e-06
No Such Thing,John Mayer,0.49011145027330166,0.7200929152148664,0.6240208877284597,0.7791740376990179,0.56157743996475,0.04005294526354039,0.014956377233070223,0.0
Down 4 U,Charli Baltimore,0.14379924753318657,0.5470383275261324,0.587467362924282,0.6252668822058196,0.5042961004626569,0.2638346465804177,0.6157041960947237,0.0
Can't Get You Out of My Head,Kylie Minogue,0.46241925179243276,1.0,0.45169712793733685,0.7328127859452206,0.20026437541308661,0.13607906604387568,0.4869131699210636,0.34810810810810805
Superman (It's Not Easy),Five for Fighting,0.27836302974373534,0.3449477351916376,0.25065274151436034,0.5117428170560605,0.07027979731218331,0.07670413640107296,0.013710012463647697,0.0
Cleanin' Out My Closet,Eminem,0.6043799247533186,0.7421602787456446,0.93733681462141,0.7893003111084,0.8909451421017847,0.07188712270871153,0.3124221022019111,0.0
Halfcrazy,Musiq Soulchild,0.2774117981117343,0.7560975609756098,0.2898172323759791,0.7097541633624108,0.3930381141220533,0.4837417934056131,0.3248857498961363,1.6216216216216214e-06
"Lights, Camera, Action!",Mr. Cheeks,0.30273301625612276,0.8989547038327526,0.8616187989556137,0.6829744403098884,0.8259528530513329,0.0282198464105656,0.33527212297465725,0.0
Still Fly,Big Tymers,0.8167246397387664,0.5667828106852497,0.633159268929504,0.8634173122674312,0.549460233531615,0.03157081245742572,0.28749480681346073,9.697297297297297e-06
A Woman's Worth,Alicia Keys,0.08670405338255133,0.33797909407665505,0.6031331592689295,0.5715244311596414,0.4778585591539987,0.3486559746415645,0.27918570835064394,0.0
7 Days,Craig David,0.14295449705402147,0.8048780487804879,0.612271540469974,0.6217897883242849,0.9107732980832783,0.24079675500825443,0.052139592854175326,0.0
Work It,Missy Elliott,0.27679420742528565,0.6480836236933799,0.9060052219321149,0.7374489111206004,0.5758977748402732,0.08141643240446998,0.5388450353136685,0.0
Move Bitch,Ludacris,0.8162987151274226,0.7491289198606272,0.7663185378590078,0.7326907826511316,0.12425644415069398,0.25441005457362365,0.24387203988367256,0.0
Can't Fight the Moonlight,LeAnn Rimes,0.2483779371051324,0.8304297328687572,0.5718015665796345,0.6924296956017812,0.6221634721304252,0.42195835691662964,0.054216867469879526,0.0
Escape,Enrique Iglesias,0.4480584936466246,0.851335656213705,0.7663185378590078,0.7541633624107852,0.8986560916501434,0.03125665939053258,0.012255920232654753,0.0005383783783783783
More Than A Woman,Aaliyah,0.1710229289415774,0.6155632984901278,0.6070496083550915,0.7343988287683767,0.7686715135492399,0.08298719773893568,0.13585375986705445,0.0004248648648647567
Hella Good,No Doubt,0.37099453396748777,0.6341463414634148,0.7597911227154048,0.838467638626243,0.8556950870235736,0.01418767608933885,0.02347320315745742,0.01297297297297297
I Love You,Faith Evans,0.7462767090225031,0.7409988385598142,0.39033942558746737,0.8314524492161288,0.5571711830799737,0.010218875677588897,0.14333194848358954,0.0
Gotta Get thru This,Daniel Bedingfield,0.5018385745723006,0.7502903600464577,0.8446475195822454,0.7738058927591045,0.9372108393919367,0.08916554138783402,0.08205234732031576,7.654054054054053e-05
"Pass the Courvoisier, Part II",Busta Rhymes,0.19089231206076523,0.7828106852497098,0.6618798955613578,0.7925944000488014,0.549460233531615,0.088327799876119,0.6219360199418363,0.0
Lose Yourself,Eminem,0.7701994746929794,0.7259001161440186,0.6553524804177547,0.8007686207527603,0.0,0.009035565792291419,0.4848358953053594,0.0004572972972972972
Butterflies,Michael Jackson,0.1924753318662597,0.6225319396051104,0.6762402088772845,0.915146708961142,0.5329367702137036,0.06099648305641613,0.13439966763606148,2.2702702702702696e-06
What About Us?,Brandy,0.873542982892028,0.7119628339140535,0.43603133159268936,0.9819435124748369,0.7433355364617757,0.26907053102863665,0.6884088076443705,0.0
Underneath Your Clothes,Shakira,0.7285582451906014,0.5551684088269454,0.556135770234987,0.7542243640578297,0.331350517735184,0.7235453011340404,0.03718321562110512,0.0
Rainy Dayz,Mary J. Blige,0.0852417122169376,0.6318234610917538,0.3733681462140992,0.6580247666687,0.5109054857898216,0.1905322643053526,0.34773577066888245,0.0
Differences,Ginuwine,0.0,0.5516840882694541,0.4856396866840732,0.7999755993411822,0.39854593522802384,0.33294832129690766,0.06688824262567512,0.0
If I Could Go!,Angie Martinez,0.9418754880386171,0.6085946573751452,0.5248041775456919,0.622582809735863,0.7025776602775944,0.1769189647399834,0.6863315330286663,0.0
The Whole World,Outkast,0.8646695534890325,0.851335656213705,0.8146214099216711,0.7024949673641189,0.7224058162590878,0.10026561641805816,0.7839634399667637,1.4270270270270269e-06
Underneath It All,No Doubt,0.5347341520550863,0.710801393728223,0.7036553524804178,0.785030195815287,0.8556950870235736,0.24603263945647333,0.09264644786040714,1.4594594594594592e-06
Underneath It All,Lady Saw,0.5335983530915029,0.6968641114982579,0.7650130548302874,0.5521259073994998,0.9966953073364178,0.04748790118001128,0.028458662235147494,0.5189189189189188
Caramel,City High,0.21409810463547957,0.6283391405342625,0.797650130548303,0.5749405233941317,0.2575457149151796,0.1832020260778461,0.545076859160781,1.027027027027027e-05
Luv U Better,LL Cool J,0.22857244267764604,0.8002322880371662,0.622715404699739,0.8426767522723114,0.7168979951531174,0.2502213470150485,0.4453676776069796,0.0
Gimme the Light,Sean Paul,0.31526939731667497,0.745644599303136,0.7676240208877285,0.7419630330018911,0.9493280458250717,0.14759801182995733,0.06003323639385126,4.9729729729729725e-05
Gone,NSYNC,0.36194363597643214,0.33681765389082463,0.6710182767624021,0.5557860062221681,0.4778585591539987,0.4502321329370118,0.07498961362692148,0.0
Livin' It Up,Ja Rule,0.30631788173493296,0.7607433217189316,0.8942558746736293,0.8299274080400172,0.6001321877065433,0.0572266462536985,0.5928541753219776,0.0
Rollout (My Business),Ludacris,0.48401362958756305,0.637630662020906,0.9543080939947781,0.546696760812542,0.9151795549680548,0.09932315721737875,0.439135853759867,0.0
Here Is Gone,Goo Goo Dolls,0.27909420032654214,0.6573751451800233,0.19321148825065276,0.7633746111145001,0.1760299625468165,0.0004906023727981142,0.017864561695056083,0.0005535135135135134
No More Drama,Mary J. Blige,0.24872577553772984,0.8339140534262486,0.6044386422976502,0.6633319099615691,0.6375853712271426,0.5591385294599658,0.2085583714167013,7.697297297297296e-05
Days Go By,Dirty Vegas,0.4551288421949315,0.8524970963995354,0.7780678851174936,0.5745135118648204,0.2729676140118969,0.05220019718340833,0.09389281262982967,0.09427027027027025
Baby,Ashanti,0.22802583942642157,0.7874564459930314,0.6788511749347258,0.8958701884950895,0.8678122934567085,0.4271942413648485,0.0718737017033652,0.0
The Good Stuff,Kenny Chesney,0.5743167459359695,0.5818815331010453,0.5509138381201044,0.48234002318062597,0.48556950870235743,0.2669761772493491,0.08496053178230163,0.0
We Thuggin',Fat Joe,0.2571945765599489,0.6155632984901278,0.9216710182767625,0.8479228939181358,0.8380700594844681,0.18529637985713368,0.3830494391358537,0.0
Good Morning Beautiful,Steve Holy,0.05755661247959104,0.44250871080139376,0.48955613577023505,0.5410846092844508,0.1991628111918925,0.47327002450917516,0.01537183215621106,0.0
Rock the Boat,Aaliyah,0.21377156243344925,0.7038327526132404,0.5835509138381202,0.7697797840541696,0.38973342145847106,0.07345788804317721,0.02014956377233071,0.0047351351351351345
Drive (For Daddy Gene),Alan Jackson,0.4422730176758714,0.5342624854819976,0.6827676240208878,0.5872018544500701,0.49548358669310427,0.35389185908978343,0.03676776069796428,0.0
Standing Still,Jewel,0.4331795272236814,0.6527293844367016,0.5535248041775457,0.675654242664552,0.308217669090108,0.159116957616039,0.020980473618612383,7.913513513513513e-06
Full Moon,Brandy,0.3060836231986938,0.6236933797909409,0.6553524804177547,0.7858232172268651,0.6254681647940075,0.37483539688265916,0.26464478604071456,0.0031351351351351343
Uh Huh,B2K,0.2613970327252076,0.6527293844367016,0.8681462140992167,0.7769779784054169,0.9328045825071603,0.092202354367801,0.09389281262982967,4e-06
A New Day Has Come,Celine Dion,0.27766735287854055,0.6051103368176539,0.654046997389034,0.7689257609955469,0.4304912976426526,0.025811339564384885,0.030743664312422092,5.664864864864864e-06
Turn Off the Light,Nelly Furtado,0.8329594661744872,0.6596980255516842,0.52088772845953,0.6996888916000732,0.6474994492178894,0.08141643240446998,0.152471956792688,0.0003124324324324324
Living and Living Well,George Strait,0.4110953361255058,0.6550522648083624,0.5378590078328982,0.6632099066674801,0.5076007931262394,0.36331645109657745,0.014125467386788534,0.0036540540540540537
My List,Toby Keith,0.17173280329381696,0.7177700348432056,0.5731070496083551,0.8163850423961447,0.308217669090108,0.3476087977519207,0.01807228915662651,0.0
Hands Clean,Alanis Morissette,0.263193014836374,0.8141695702671313,0.42167101827676245,0.7481241993533826,0.5053976646838512,0.0019566500182994166,0.013086830078936434,3.059459459459459e-06
Sk8er Boi,Avril Lavigne,0.618023709803365,0.9070847851335657,0.3877284595300261,0.8097968645153419,0.46574135272086364,1.717370099015811e-05,0.051100955546323226,0.0
Where Were You (When the World Stopped Turning),Alan Jackson,0.3725349613118479,0.3124274099883856,0.5900783289817233,0.5183919965839078,0.13747521480502314,0.49526073919169467,0.017864561695056083,0.0
Like I Love You,Justin Timberlake,0.36975935259459075,0.8037166085946574,0.8655352480417755,0.7786860245226621,0.9239920687376075,0.045917135845545604,0.08516825924387204,0.00033189189189189184
I Do!!,Toya,0.6629374600695679,0.5389082462253194,0.7715404699738904,0.6015982431525652,0.9350077109495485,0.08989856521058467,0.08142916493560447,0.0023351351351351348
In da Club,50 Cent,0.19296514516930502,0.6980255516840883,0.9295039164490861,0.9099005673153175,0.8193434677241684,0.272212061697568,0.6717906107187369,0.0
Ignition,R. Kelly,0.4979626606090722,0.46922183507549364,0.7898172323759791,0.6421643384371378,0.8744216787838732,0.06382386065845437,0.038845035313668466,0.0
Get Busy,Sean Paul,0.26506708312628663,0.8188153310104531,0.7193211488250653,0.8265113158055268,0.7312183300286408,0.6429126806314687,0.024096385542168683,0.0
Crazy in Love,Beyoncé,0.2576063036842479,0.7560975609756098,0.5953002610966058,0.6768742756054413,0.6827495042961005,0.0025535408453963753,0.4204403822185293,0.0
When I'm Gone,3 Doors Down,0.6049478242351105,0.7537746806039489,0.44386422976501316,0.7369608979442446,0.3445692883895131,0.003977701415311926,0.009970918155380148,0.0
Unwell,Matchbox Twenty,0.12665578192659904,0.7770034843205575,0.08616187989556134,0.7581894711157202,0.4051553205551884,0.031151941701568202,0.03469048608226008,0.0
Right Thurr,Chingy,0.20726911336693404,0.7317073170731707,0.8825065274151436,0.8366375892149088,0.9140779907468606,0.15702260383675143,0.4765267968425426,0.0
Miss You,Aaliyah,0.333726130474906,0.25435540069686413,0.6370757180156659,0.4753858354175564,0.48556950870235743,0.685846933106864,0.01724137931034482,0.0
Picture,Kid Rock,0.2489458365869241,0.4378629500580721,0.6553524804177547,0.6319770633807114,0.34677241683190135,0.18006049540891472,0.0010386373078521,6.94054054054054e-06
Bring Me to Life,Evanescence,0.22528572442677647,0.957026713124274,0.1840731070496084,0.8847678887329958,0.25864727913637364,0.007496215764515051,0.09597008724553387,2.227027027027027e-06
Get Low,Lil Jon & The East Side Boyz,0.2707673741747711,0.5876887340301975,0.4321148825065275,0.6235588360885744,0.08239700374531839,0.031466094768461336,0.09015371832156212,0.0
Get Low,Ying Yang Twins,0.27771704408319736,0.6631823461091755,0.7101827676240209,0.5771975843347771,0.6684291694205773,0.00015550576811210242,0.023888658080598257,1.2540540540540539e-05
Baby Boy,Beyoncé,0.19982253141194012,0.4285714285714286,0.6070496083550915,0.5198560361129752,0.803921568627451,0.0863381637857958,0.4079767345243041,1.2540540540540538e-06
Baby Boy,Sean Paul,0.20068857812167257,0.5830429732868757,0.6357702349869453,0.7300067101811749,0.8336638025996916,0.06979276892942395,0.4287494806813461,2.659459459459459e-06
Shake Ya Tailfeather,Nelly,0.17142755732235399,0.8002322880371662,0.4399477806788512,0.789544317696578,0.9317030182859662,0.1842492029674899,0.5637723307021187,0.0
Shake Ya Tailfeather,P. Diddy,0.1758074820756726,0.6933797909407665,0.5078328981723237,0.4529372293051913,0.7202026878166998,0.3088632528351006,0.6780224345658495,0.0
Shake Ya Tailfeather,Murphy Lee,0.1759707531766878,0.7131242740998839,0.685378590078329,0.6480814982004515,0.9206873760740253,0.14026777360245085,0.4952222683838804,0.0
21 Questions,50 Cent,0.19263150422375236,0.7990708478513358,0.503916449086162,0.8408467028609773,0.9328045825071603,0.3695995124344402,0.6094723722476112,0.0003924324324324324
21 Questions,Nate Dogg,0.19914105203379,0.761904761904762,0.4843342036553526,0.6998108948941621,0.8689138576779027,0.3654108048758651,0.6198587453261322,0.0003275675675675675
All I Have,Jennifer Lopez,0.1433804216653652,0.637630662020906,0.6644908616187991,0.7556274019398524,0.45252258206653445,0.277447946145787,0.17116742833402576,0.0
All I Have,LL Cool J,0.14347270533115647,0.6225319396051104,0.674934725848564,0.7312877447691088,0.38973342145847106,0.2764007692561432,0.1649356044869132,0.0
Beautiful,Christina Aguilera,0.09451267125718749,0.5272938443670152,0.34725848563968675,0.8434087720368451,0.041859440405375634,0.6052143126042923,0.008101371001246367,3.2972972972972967e-06
I Know What You Want,Busta Rhymes,0.16412295023780793,0.743321718931475,0.5979112271540471,0.8160190325138779,0.5031945362414629,0.014815982223125124,0.586622351474865,0.0
I'm with You,Avril Lavigne,0.20004969120465682,0.6364692218350756,0.36161879895561366,0.8116879155737206,0.37210839391936557,0.007276308617689855,0.016410469464063146,0.0
Drift Away,Uncle Kracker,0.6323560729750834,0.6283391405342625,0.5130548302872062,0.7694747758189471,0.8810310641110377,0.18948508741570882,0.02928957208142917,0.0
Drift Away,Dobie Gray,0.09478242351103855,0.37630662020905925,0.4321148825065275,0.5797596535106448,0.5891165454946024,0.3224765524004698,0.03302866638969672,0.0
Magic Stick,Lil' Kim,0.2137147724852701,0.44134727061556334,0.860313315926893,0.5990361739766974,0.48777263714474556,0.12246576647850646,0.5139177399252182,5.372972972972973e-05
P.I.M.P.,50 Cent,0.11228082629374597,0.7421602787456446,0.6657963446475197,0.8955041786128226,0.9118748623044723,0.0464407242903675,0.661404237640216,1.405405405405405e-05
"Bump, Bump, Bump",B2K,0.23163909987932146,0.6573751451800233,0.8407310704960835,0.7216494845360826,0.8986560916501434,0.10445432397663332,0.4183631076028251,0.0
"Bump, Bump, Bump",P. Diddy,0.2324909491020089,0.2903600464576074,0.9177545691906006,0.6444213993777832,0.9526327384886542,0.030314200189853174,0.056294142085583726,0.0006270270270270269
Into You,Fabolous,0.8464825725846525,0.48664343786295017,0.4647519582245432,0.5981821509180749,0.5714915179554969,0.24393828567718578,0.059617781470710424,0.0
Into You,Tamia,0.8624831404841344,0.4181184668989547,0.608355091383812,0.6488745196120296,0.7124917382683411,0.06958333355149521,0.023265475695886995,0.0029405405405405404
Can't Let You Go,Fabolous,0.917647476396678,0.6666666666666667,0.47519582245430814,0.7102421765387665,0.7609605640008814,0.21042862520858457,0.9584545076859161,0.0
Mesmerize,Ja Rule,0.1932561936537232,0.6144018583042974,0.7493472584856398,0.6742512047825292,0.3632958801498128,0.05890212927712857,0.37889488990444536,0.0
Where Is the Love?,Black Eyed Peas,0.22155178533399583,0.6736353077816494,0.8407310704960835,0.8826938327334839,0.8237497246089449,0.11618270514064373,0.3207312006647279,0.0
The Game of Love,Santana,0.4042166536523036,0.9407665505226481,0.5221932114882506,0.8818398096748612,0.675038554747742,0.07471450031074976,0.05027004570004155,0.00016540540540540538
The Game of Love,Michelle Branch,0.40425924611343794,0.5749128919860628,0.5718015665796345,0.4576343561276156,0.7609605640008814,0.022041502761667255,0.010594100540091404,0.039999999999999994
Lose Yourself,Eminem,0.7701994746929794,0.7259001161440186,0.6553524804177547,0.8007686207527603,0.0,0.009035565792291419,0.4848358953053594,0.0004572972972972972
Rock wit U (Awww Baby),Ashanti,0.22802583942642157,0.7874564459930314,0.6788511749347258,0.8958701884950895,0.8678122934567085,0.4271942413648485,0.0718737017033652,0.0
Cry Me a River,Justin Timberlake,0.07824235110385463,0.62137049941928,0.566579634464752,0.677728298664064,0.5538664904163915,0.6041671357146485,0.33111757374324885,0.0
How You Gonna Act Like That,Tyrese,0.35519982963015545,0.4668989547038328,0.7088772845953003,0.8561581162691393,0.5109054857898216,0.11199399758206857,0.045907769007062726,0.0
Rock Your Body,Justin Timberlake,0.27043373322921843,0.6910569105691057,0.9164490861618799,0.7098761666564999,0.8325622383784976,0.21042862520858457,0.24387203988367256,0.00025297297297297293
No Letting Go,Wayne Wonder,0.2650599843827643,0.8130081300813009,0.39947780678851175,0.7342158238272434,0.2817801277814497,0.05010584340412075,0.04320731200664729,0.0002324324324324324
Frontin',Pharrell,0.27779513026194363,0.33101045296167253,0.9190600522193213,0.7185384005368145,0.7686715135492399,0.47431720139881894,0.22102201911092645,1.697297297297297e-06
Landslide,Dixie Chicks,0.5901256477603465,0.4680603948896632,0.5404699738903395,0.4928933081193193,0.30381141220533164,0.31200478350403194,0.007270461154964686,0.05762162162162161
Work It,Missy Elliott,0.27679420742528565,0.6480836236933799,0.9060052219321149,0.7374489111206004,0.5758977748402732,0.08141643240446998,0.5388450353136685,0.0
'03 Bonnie & Clyde,Jay-Z,0.18999077163342087,0.6492450638792103,0.7428198433420367,0.7652046605258342,0.29279576999339063,0.24079675500825443,0.6032405484004986,0.0
So Gone,Monica,0.13557890253425137,0.5029036004645762,0.5587467362924282,0.6605868358445679,0.5781009032826614,0.1842492029674899,0.1547569588699626,0.0
Air Force Ones,Nelly,0.7182934620572161,0.3948896631823462,0.7754569190600522,0.48508509729762705,0.6133509583608725,0.08864195294301212,0.6094723722476112,0.0
"Never Leave You (Uh Oooh, Uh Oooh)",Lumidee,0.973109959537162,0.6248548199767713,0.8107049608355092,0.701213932776185,0.7884996695307338,0.040890686775255425,0.7029497299542999,0.7697297297297295
Beautiful,Snoop Dogg,0.27068218925250237,0.6689895470383276,0.9360313315926894,0.6968828158360276,0.9911874862304473,0.257551585242555,0.23140839218944748,0.0
Beautiful,Pharrell,0.13878753460637477,0.41347270615563303,0.05874673629242816,0.7020679558348076,0.09120951751487111,0.7130735322376025,0.011425010386373086,0.0
Gossip Folks,Missy Elliott,0.4178036487541705,0.48664343786295017,0.674934725848564,0.7581284694686756,0.41617096276712934,0.3790241044412343,1.0,0.0
Miss Independent,Kelly Clarkson,0.8028465961524811,0.5853658536585367,0.6070496083550915,0.6948087598365157,0.6100462656972903,0.09010800058851343,0.19194017449106776,0.000374054054054054
Calling All Angels,Train,0.7332292184283382,0.8362369337979094,0.3446475195822455,0.7517842981760507,0.5153117426745979,0.07806546635760987,0.04258412962193603,0.0
Damn!,YoungBloodZ,0.1502236104209555,0.70267131242741,0.7597911227154048,0.7254925882998842,0.5031945362414629,0.015549006045875774,0.5886996260905691,0.0
Damn!,Lil Jon,0.5615390075956557,0.45760743321718933,0.5691906005221933,0.5466357591654976,0.4018506278916061,0.0557605986081972,0.8815953469048609,0.0
This Is the Night,Clay Aiken,0.2566976645133812,0.5121951219512196,0.4412532637075719,0.5731714756298422,0.34236615994712494,0.15806978072639521,0.00664727877025343,1.3837837837837837e-06
Your Body Is a Wonderland,John Mayer,0.22101228082629382,0.7084785133565621,0.5966057441253264,0.6979198438357836,0.6893588896232652,0.021517914316845358,0.0,0.05286486486486486
Headstrong,Trapt,0.8667920778022291,0.902439024390244,0.3942558746736292,0.7242725553589948,0.5208195637805684,0.00012618481520197162,0.19401744910677193,3.005405405405405e-06
In Those Jeans,Ginuwine,0.46004827145595234,0.49012775842044143,0.654046997389034,0.7209784664185934,0.2839832562238379,0.5319119303292272,0.11217282924802659,0.0
Stand Up,Ludacris,0.2568396393838291,0.8373983739837398,0.7323759791122716,0.783078143109864,0.814937210839392,0.38425998888945323,0.6759451599501454,0.0
The Remedy (I Won't Worry),Jason Mraz,0.22463264002271593,0.8687572590011614,0.52088772845953,0.8033306899286281,0.8083278255122275,0.04288032286557862,0.030951391773992518,0.0
Why Don't You & I,Santana,0.7466884361468022,0.9001161440185832,0.39817232375979117,0.7809430854633076,0.7884996695307338,0.14236212738173842,0.16285832987120896,0.0
Excuse Me Miss,Jay-Z,0.21277063959679138,0.8629500580720093,0.6840731070496083,0.7418410297078022,0.9096717338620843,0.03188496552431885,0.545076859160781,0.0
Jenny from the Block,Jennifer Lopez,0.2634414708596578,0.7468060394889664,0.8485639686684072,0.7465381565302264,0.9746640229125358,0.007653292297961619,0.4204403822185293,4.0756756756756745e-06
Jenny from the Block,Jadakiss,0.2634769645772698,0.6910569105691057,0.8263707571801568,0.4737387909473556,0.9140779907468606,0.004469874553444506,0.1649356044869132,0.22702702702702698
Jenny from the Block,Styles P,0.2634769645772698,0.6910569105691057,0.8263707571801568,0.4737387909473556,0.9140779907468606,0.004469874553444506,0.1649356044869132,0.22702702702702698
Are You Happy Now?,Michelle Branch,0.8283523816284519,0.8222996515679444,0.38381201044386426,0.7544683706460076,0.7224058162590878,0.004030060259794115,0.04653095139177399,0.0015459459459459459
Forever and for Always,Shania Twain,0.1640377653155391,0.7003484320557491,0.3642297650130548,0.786067223815043,0.5153117426745979,0.242891108787542,0.018695471541337758,0.0
I Can,Nas,0.23026194363597646,0.8896631823461092,0.8446475195822454,0.8404806929787105,0.6970698391716239,0.10780529002349343,0.3290402991275446,0.0
Underneath It All,No Doubt,0.5347341520550863,0.710801393728223,0.7036553524804178,0.785030195815287,0.8556950870235736,0.24603263945647333,0.09264644786040714,1.4594594594594592e-06
Underneath It All,Lady Saw,0.5335983530915029,0.6968641114982579,0.7650130548302874,0.5521259073994998,0.9966953073364178,0.04748790118001128,0.028458662235147494,0.5189189189189188
If You're Not the One,Daniel Bedingfield,0.40567189607439486,0.48548199767711975,0.6488250652741515,0.613249557738059,0.22339722405816265,0.5874123054803481,0.01433319484835896,0.0
Thoia Thoing,R. Kelly,0.16106339177965495,0.6074332171893148,0.5117493472584856,0.7788080278167511,0.9636483807005951,0.28687253815258107,0.5886996260905691,3.2216216216216214e-05
Here Without You,3 Doors Down,0.5758358770497622,0.48083623693379796,0.4791122715404701,0.6633929116086135,0.18924873320114566,0.051467173360657675,0.0033236393851267185,0.0
Wanksta,50 Cent,0.12889188613615393,0.8687572590011614,0.804177545691906,0.8634173122674312,0.9283983256223838,0.02088960818305909,0.27710843373493976,0.0
My Love Is Like...Wo,Mýa,0.49685525661957836,0.6492450638792103,0.8420365535248042,0.6852925028975783,0.7124917382683411,0.23765522433932304,0.2085583714167013,6.962162162162162e-06
It's Five O'Clock Somewhere,Alan Jackson,0.4424362887768865,0.7584204413472707,0.6827676240208878,0.6711401207832612,0.9019607843137256,0.21775886343609108,0.02825093477357707,0.0
It's Five O'Clock Somewhere,Jimmy Buffett,0.4605309860154753,0.6875725900116144,0.5548302872062664,0.44494601354236574,0.8766248072262612,0.5978840743767859,0.04611549646863315,0.004205405405405404
Like Glue,Sean Paul,0.24874707176829708,0.7677119628339141,0.7402088772845954,0.771914841700726,0.5814055959462436,0.0848721161402945,0.6136269214790195,0.0
My Front Porch Looking In,Lonestar,0.2827216582664868,0.8037166085946574,0.4425587467362925,0.7364118831208444,0.4326944260850408,0.0331415777918914,0.0571250519318654,0.0
Angel,Amanda Perez,0.5739973024774616,0.4378629500580721,0.5757180156657964,0.5742085036295981,0.3346552103987663,0.44813777915772424,0.0751973410884919,1.0918918918918918e-06
She Hates Me,Puddle of Mudd,0.3329665649180095,0.7305458768873403,0.5091383812010444,0.7478191911181602,0.5758977748402732,0.009737174308352756,0.01807228915662651,0.0
Don't Wanna Try,Frankie J,0.47739760062468956,0.36469221835075494,0.6070496083550915,0.6170316598548162,0.1517955496805464,0.46489260939202487,0.023265475695886995,0.0
The Jump Off,Lil' Kim,0.2983672889898488,0.7166085946573751,0.8446475195822454,0.5688403586896846,0.929499889843578,0.23556087056003547,0.7361861238055671,0.0
Intuition,Jewel,0.2637467168311209,0.7886178861788619,0.6892950391644909,0.8163850423961447,0.8292575457149154,0.004626951086891074,0.07270461154964687,0.006832432432432431
Hell Yeah,Ginuwine,0.1782068573862427,0.6910569105691057,0.5757180156657964,0.6364301836149576,0.6519057061026658,0.028429281788494354,0.6884088076443705,0.0
Hell Yeah,Baby,0.5537161922339746,0.4982578397212545,0.7193211488250653,0.4261575062526689,0.21568627450980393,7.173161694059943e-05,0.27710843373493976,0.003924324324324323
Beer for My Horses,Toby Keith,0.3984453751685952,0.8490127758420442,0.6879895561357703,0.7541633624107852,0.8193434677241684,0.385307165779097,0.04923140839218945,0.0
Holidae In,Chingy,0.640242777028466,0.7804878048780488,0.8093994778067886,0.7187824071249924,0.9768671513549241,0.09345896663537355,0.32696302451184045,0.0
Suga Suga,Baby Bash,0.13810605522822467,0.7305458768873403,0.6161879895561359,0.893735130848533,0.5219211280017626,0.720403770465109,0.5076859160781055,9.113513513513513e-06
Suga Suga,Frankie J,0.46671399162348276,0.4680603948896632,0.6449086161879897,0.42493747331177945,0.8237497246089449,0.28896689193186864,0.050477773161611963,0.0
Love of My Life (An Ode to Hip-Hop),Erykah Badu,0.17417477106552143,0.3414634146341463,0.5587467362924282,0.5112548038797048,0.4415069398545936,0.14026777360245085,0.777731616119651,0.00036540540540540533
Fighter,Christina Aguilera,0.8946049549229786,0.9303135888501743,0.3198433420365535,0.9964619044714208,0.4282881692002644,0.24603263945647333,0.3685085168259244,0.00038162162162151344
Thugz Mansion,2Pac,0.17769574785263015,0.6039488966318235,0.6697127937336816,0.7020679558348076,0.9162811191892488,0.3130519603936757,0.5346904860822601,0.0
Clocks,Coldplay,0.48338184141406976,0.7317073170731707,0.5052219321148825,0.6391142560849143,0.21348314606741575,0.6272050272868118,0.008932280847528049,0.01243243243243243
Rain on Me,Ashanti,0.14783133385390784,0.6736353077816494,0.5430809399477807,0.8899530287317758,0.49328045825071604,0.35912774353800236,0.020980473618612383,2.043243243243243e-06
19 Somethin',Mark Wills,0.19210619720309513,0.8095238095238096,0.5091383812010444,0.7641676325260782,0.8292575457149154,0.13817341982316328,0.10178645616950562,0.0
Red Dirt Road,Brooks & Dunn,0.46466955348903244,0.372822299651568,0.5287206266318538,0.6037333007991217,0.3027098479841375,0.6586203339761255,0.015164104694640634,5.091891891891891e-06
What Was I Thinkin',Dierks Bentley,0.7239369631575212,0.8199767711962835,0.4712793733681463,0.6985908619532728,0.9603436880370126,0.159116957616039,0.0423764021603656,6.702702702702702e-06
Flying Without Wings,Ruben Studdard,0.5904237949882871,0.4343786295005807,0.402088772845953,0.6066003782102117,0.1771315267680106,0.7853287376230237,0.02762775238886582,0.0
Sing for the Moment,Eminem,0.717576488961454,0.8188153310104531,0.6240208877284597,0.8252302812175929,0.13637365058382905,0.0017262711025777832,0.23556294142085588,3.2972972972972967e-06
Have You Forgotten?,Darryl Worley,0.690849719599631,0.5876887340301975,0.37597911227154046,0.7147562984200575,0.3104207975324962,0.05387568020683838,0.021811383464894057,0.0
"No Shoes, No Shirt, No Problems",Kenny Chesney,0.3907787321644069,0.49593495934959353,0.6906005221932114,0.4546452754224365,0.6695307336417715,0.25441005457362365,0.017449106771915246,0.009124324324324322
Come Over,Aaliyah,0.3284872577553774,0.3937282229965158,0.7428198433420367,0.5976941377417191,0.6386869354483367,0.5853179517010605,0.10760282509347736,0.00011675675675675674
Sick of Being Lonely,Field Mob,0.787683679988642,0.9314750290360048,0.6553524804177547,0.783200146403953,0.8755232430050672,0.0016215534136134046,0.16909015371832153,2.216216216216216e-05
Step in the Name of Love,R. Kelly,0.2279335557606304,0.4773519163763067,0.7637075718015667,0.6788263283108644,0.7862965410883456,0.2093814483189408,0.19817199833818028,0.0
I Want You,Thalía,0.2061404131468731,0.7595818815331011,0.8002610966057442,0.857927164033429,0.7124917382683411,0.011150863109371868,0.20232654756958868,0.0
Like a Stone,Audioslave,0.31925179243273943,0.521486643437863,0.5535248041775457,0.7451351186482036,0.5009914077990747,0.008292070200644328,0.008309098462816786,0.0
Superman,Eminem,0.47668772627244965,0.7386759581881533,0.7989556135770237,0.8878179710852194,0.5714915179554969,0.022460373517524765,0.06813460739509763,0.0
Real Good Man,Tim McGraw,0.19204940725491598,0.8222996515679444,0.48302872062663194,0.7502592569999391,0.6364838070059484,0.010271234522071087,0.006231823847112586,1.2216216216216214e-05
Say Yes,Floetry,0.39060836231986934,0.3240418118466899,0.7271540469973891,0.29036783993167825,0.4040537563339943,0.22090039410502244,0.10531782301620275,1.5351351351351348e-06
Yeah!,Usher,0.2991552495208348,0.7804878048780488,0.9190600522193213,0.7925944000488014,0.5747962106190792,0.019109407470664648,0.18363107602825096,0.0
Yeah!,Lil Jon,0.43355576063036844,0.8408826945412311,0.7545691906005223,0.8017446471054719,0.7730777704340164,0.21252297898787217,0.040922309929372666,0.0
Burn,Usher,0.4049975154397672,0.41579558652729387,0.7911227154046998,0.6424083450253157,0.687155761180877,0.3287596137383325,0.17532197756543416,0.0
If I Ain't Got You,Alicia Keys,0.3941648328245901,0.37746806039488967,0.5469973890339426,0.5223571036417984,0.11544393038114126,0.631393734845387,0.17116742833402576,7.416216216216215e-06
This Love,Maroon 5,0.2284020728331086,0.8629500580720093,0.6814621409921671,0.7979015433416703,0.8237497246089449,0.05492285709648217,0.029497299542999594,0.0
The Way You Move,OutKast,0.4480939873642365,0.5551684088269454,0.8890339425587468,0.7783810162874398,0.6320775501211722,0.13189035848530054,0.047361861238055664,0.00012216216216216213
The Reason,Hoobastank,0.14251437495563285,0.6411149825783973,0.36814621409921666,0.7956444824010249,0.007600793126239264,0.0134546522665882,0.011217282924802667,0.0
I Don't Wanna Know,Mario Winans,0.24230851139348336,0.372822299651568,0.8394255874673628,0.5806746782163119,0.3996474994492179,0.12874882781636918,0.054216867469879526,4.735135135135135e-05
I Don't Wanna Know,P. Diddy,0.9306097820685739,0.19163763066202086,0.7049608355091384,0.3906545476727872,0.46574135272086364,0.02801041103263684,0.29580390527627753,0.5416216216216215
Hey Ya!,OutKast,0.11819407964790235,0.9930313588850175,0.7010443864229765,0.9413164155432197,0.9955937431152238,0.10780529002349343,0.08890735355213959,0.0005751351351351351
Goodies,Ciara,0.2778519202101228,0.613240418118467,0.8302872062663187,0.6945647532483378,0.8931482705441729,0.028952870233316247,0.052970502700457,1.6432432432432431e-06
Lean Back,Terror Squad,0.2303187335841556,0.9256678281068527,0.7741514360313317,0.8752516317940585,0.6981714033928179,0.11513552825099994,0.8130452845866223,0.0
Lean Back,Fat Joe,0.454922978632782,0.7375145180023229,0.5496083550913838,0.7720978466418593,0.5549680546375855,0.12141858958886267,0.7112588284171167,0.0
Tipsy,J-Kwon,0.21398452473912116,0.7259001161440186,0.9595300261096606,0.7260416031232844,0.6552103987662481,0.06738426208324325,0.7133361030328209,0.0
Confessions Part II,Usher,0.5333356995811742,0.40418118466898956,0.8550913838120104,0.6111145000915026,0.7058823529411766,0.061310636123309274,0.23764021603656005,0.0
Slow Motion,Juvenile,0.7808333924895294,0.7142857142857143,0.6827676240208878,0.7806990788751297,0.9129764265256666,0.5737990059149788,0.6260905691732447,0.0
Slow Motion,Soulja Slim,0.7821253638106056,0.7317073170731707,0.6892950391644909,0.7764289635820167,0.930601454064772,0.5455252298945965,0.586622351474865,0.0
Freek-a-Leek,Petey Pablo,0.29902037339390924,0.6643437862950059,0.7389033942558747,0.8524370157994267,0.6287728574575899,0.0778560309796811,0.3207312006647279,0.0
Here Without You,3 Doors Down,0.5758358770497622,0.48083623693379796,0.4791122715404701,0.6633929116086135,0.18924873320114566,0.051467173360657675,0.0033236393851267185,0.0
Slow Jamz,Twista,0.5837935685383688,0.7131242740998839,0.48172323759791136,0.73403281888611,0.6056400088125138,0.3287596137383325,0.3061902783547985,0.0
Someday,Nickelback,0.7115922481720736,0.8583042973286876,0.34595300261096606,0.73403281888611,0.5902181097157964,0.0005911313542039179,0.03219775654341504,0.00026702702702702697
Naughty Girl,Beyoncé,0.9737843401717896,0.39721254355400704,0.5195822454308094,0.5493808332824986,0.6585150914298303,0.2481269932357609,0.28541753219775656,1.6648648648648646e-05
My Immortal,Evanescence,0.11454532547739055,0.16957026713124276,0.0,0.5176599768193743,0.043842256003525024,0.9036597261527717,0.024927295388450357,0.0
Sunshine,Lil' Flip,0.22066444239369637,0.31126596980255516,0.8146214099216711,0.4773378881229794,0.8050231328486452,0.025916057253349264,0.14748649771499794,0.0
Dirt Off Your Shoulder,Jay-Z,0.7176332789096331,0.6248548199767713,0.7702349869451699,0.6431403647898494,0.6463978849966954,0.03356044854774891,0.6094723722476112,2.7675675675675673e-06
Move Ya Body,Nina Sky,0.41301199687655293,0.6887340301974448,0.8877284595300261,0.6941377417190264,0.8986560916501434,0.021099043560987844,0.040714582467802254,0.0003578378378377297
Dip It Low,Christina Milian,0.7541705118194082,0.6957026713124274,0.7362924281984334,0.8224852071005918,0.5670852610707204,0.012721628443837549,0.18155380141254673,0.00011999999999999999
My Boo,Usher,0.16707602754312495,0.4506387921022068,0.6161879895561359,0.5767095711584214,0.67724168319013,0.26907053102863665,0.1960947237224761,0.0
One Call Away,Chingy,0.707340100802158,0.8153310104529617,0.7506527415143603,0.7177453791252364,0.9922890504516415,0.09607690885948302,0.33111757374324885,0.0
"Me, Myself and I",Beyoncé,0.14718534819336976,0.3937282229965158,0.731070496083551,0.5246141645824438,0.5230226922229566,0.23660804744967925,0.11778147071042792,3.5135135135135126e-05
Turn Me On,Kevin Lyttle,0.3081067651025768,0.653890824622532,0.6357702349869453,0.6596108094918564,0.8964529632077551,0.04235673442075673,0.025965932696302457,0.0
The First Cut Is the Deepest,Sheryl Crow,0.6881592958046427,0.7317073170731707,0.40600522193211486,0.8024766668700056,0.6739369905265478,0.018376383647914,0.008932280847528049,0.0
You Don't Know My Name,Alicia Keys,0.739703272520764,0.6318234610917538,0.09660574412532641,0.5751235283352651,0.20687376074025116,0.6177804352800178,0.33942667220606565,0.004789189189189189
My Place,Nelly,0.7118407041953574,0.6062717770034843,0.535248041775457,0.8207771609833465,0.6397884996695309,0.052095479494443944,0.038845035313668466,1.6108108108108106e-06
Overnight Celebrity,Twista,0.5063036842478883,0.7816492450638793,0.8328981723237598,0.7476971878240714,0.7884996695307338,0.1905322643053526,0.32280847528043205,0.0
Hotel,Cassidy,0.20148363739618086,0.6271777003484321,0.6396866840731071,0.6610748490209236,0.38532716457369465,0.12351294336815023,0.38928126298296634,0.0
Hotel,R. Kelly,0.2006956768651948,0.4680603948896632,0.8864229765013056,0.4786799243579577,0.4745538664904165,0.03774915610632406,0.5035313668466972,0.007686486486486485
Numb,Linkin Park,0.3346489671328175,0.8641114982578397,0.39947780678851175,0.825901299335082,0.20026437541308661,0.004763084082544766,0.030120481927710857,0.0
Diary,Alicia Keys,0.46181585859302904,0.4018583042973287,0.6174934725848564,0.4868541450619167,0.23992068737607408,0.5811292441424853,0.016825924387203983,0.001978378378378378
She Will Be Loved,Maroon 5,0.27773124157024204,0.6318234610917538,0.6018276762402089,0.7395229671201122,0.44481163251817585,0.23870240122896683,0.009347735770668886,0.0
White Flag,Dido,0.7612337616241924,0.48664343786295017,0.4164490861618799,0.6622948819618131,0.2454285084820445,0.3203821986211822,0.02970502700457002,5.437837837837837e-06
Heaven,Los Lonely Boys,0.20599133953290277,0.8095238095238096,0.6044386422976502,0.6904776428963583,0.8160387750605862,0.39368458089624736,0.08350643955130867,1.7405405405405404e-06
Pieces of Me,Ashlee Simpson,0.1725491587988927,0.7990708478513358,0.4464751958224543,0.8168730555725006,0.7686715135492399,0.061101200745380516,0.06938097216452016,0.0
Leave (Get Out),JoJo,0.17194576559948888,0.7096399535423926,0.39295039164490864,0.8108948941621424,0.4404053756333995,0.04078596908629104,0.040714582467802254,0.0
Milkshake,Kelis,0.35579612408603684,0.7560975609756098,0.9151436031331592,0.7056670530104314,0.8347653668208859,0.00897273517891279,0.04216867469879519,0.034054054054054046
Splash Waterfalls,Ludacris,0.5893234897423156,0.8443670150987224,0.7101827676240209,0.7070090892454097,0.7058823529411766,0.10571093624420587,0.8005816368923971,0.0
Jesus Walks,Kanye West,0.17346489671328175,0.8304297328687572,0.5835509138381202,0.7933874214603795,0.7202026878166998,0.6429126806314687,0.6219360199418363,0.0
Locked Up,Akon,0.192248172073543,0.521486643437863,0.8394255874673628,0.8162020374550113,0.33906146728354264,0.027382104898850568,0.12692147901952638,0.0
Stand Up,Ludacris,0.2568396393838291,0.8373983739837398,0.7323759791122716,0.783078143109864,0.814937210839392,0.38425998888945323,0.6759451599501454,0.0
Suga Suga,Baby Bash,0.13810605522822467,0.7305458768873403,0.6161879895561359,0.893735130848533,0.5219211280017626,0.720403770465109,0.5076859160781055,9.113513513513513e-06
Suga Suga,Frankie J,0.46671399162348276,0.4680603948896632,0.6449086161879897,0.42493747331177945,0.8237497246089449,0.28896689193186864,0.050477773161611963,0.0
All Falls Down,Kanye West,0.19985802512955214,0.7142857142857143,0.6096605744125327,0.7844811809918868,0.41066314166115886,0.15597542694710764,0.9563772330702118,0.0
Toxic,Britney Spears,0.5690636757293959,0.835075493612079,0.762402088772846,0.8404806929787105,0.9504296100462659,0.026020774942313644,0.18778562525965936,0.027027027027027025
Salt Shaker,Ying Yang Twins,0.2774827855469582,0.6713124274099885,0.9060052219321149,0.7118892210089673,0.28728794888742015,0.05324737407305211,0.21686746987951805,0.0
With You,Jessica Simpson,0.2243983814864769,0.7398373983739838,0.47389033942558756,0.7996705911059598,0.5990306234853493,0.0966004973043049,0.17532197756543416,0.0
Meant to Live,Switchfoot,0.6294810818485128,0.910569105691057,0.2702349869451698,0.8000366009882267,0.5450539766468385,0.005967337505635121,0.045907769007062726,1.7297297297297294e-06
I Like That,Houston,0.3132036629516575,0.4448315911730546,0.7924281984334205,0.8398096748612214,0.3566864948226482,0.016072594490697666,0.15205650186954717,0.0
I Like That,Nate Dogg,0.313246255412792,0.3786295005807201,0.7323759791122716,0.6352101506740683,0.4095615774399648,0.05314265638408773,0.26049023680930616,0.0
I Like That,I-20,0.2848867750408178,0.5853658536585367,0.6357702349869453,0.3670469102665772,0.2487332011456268,0.02088960818305909,0.03199002908184462,0.8064864864864864
Sorry 2004,Ruben Studdard,0.4762405054305388,0.40998838559814166,0.6932114882506527,0.6172146647959496,0.4415069398545936,0.07953151400311118,0.0795596177814707,0.0
My Happy Ending,Avril Lavigne,0.7620714133598354,0.9488966318234613,0.2924281984334204,0.9324101750747271,0.7477417933465522,0.0013702309600988958,0.10843373493975907,0.0
On Fire,Lloyd Banks,0.2270249165897636,0.8199767711962835,0.7428198433420367,0.8176050753370342,0.4051553205551884,0.0966004973043049,0.4079767345243041,0.0006162162162162161
Roses,OutKast,0.3272094839213459,0.684088269454123,0.7323759791122716,0.7343988287683767,0.49328045825071604,0.05041999647101388,0.06418778562525966,1.9999999999999995e-05
Walked Outta Heaven,Jagged Edge,0.4064243628877689,0.5772357723577236,0.6266318537859009,0.7057280546574758,0.5087023573474334,0.5999784281560735,0.4183631076028251,0.0
My Band,D12,0.40560800738269326,0.8478513356562137,0.8629242819843341,0.8728725675593242,0.862304472350738,0.5203929845431455,0.12297465724968841,2.2162162162162158e-06
I'm Still in Love with You,Sean Paul,0.1712358912472493,0.6387921022067364,0.7467362924281985,0.7507472701762948,0.7752808988764046,0.10016089872909378,0.3020357291233901,0.0
Through the Wire,Kanye West,0.14348690281820115,0.7200929152148664,0.49738903394255884,0.7065210760690539,0.6596166556510246,0.009004150485602104,0.46406314914831737,5.632432432432432e-06
Why?,Jadakiss,0.7492084900972529,0.9512195121951219,0.5378590078328982,0.8731775757945465,0.5516633619740032,0.017119771380341455,0.4453676776069796,0.0
Why?,Anthony Hamilton,0.18062043018385737,0.529616724738676,0.6187989556135771,0.6568657353748552,0.7157964309319234,0.5067796849777764,0.3082675529705027,1.8918918918918914e-05
Fuck It (I Don't Want You Back),Eamon,0.03997302477461495,0.6202090592334495,0.8328981723237598,0.6982858537180505,0.5659836968495264,0.2240419247739538,0.08662235147486498,3.5135135135135126e-06
Read Your Mind,Avant,0.07263434372116134,0.30429732868757264,0.7375979112271541,0.6707741109009944,0.6981714033928179,0.3046745452765254,0.0986705442459493,5.545945945945945e-06
Game Over (Flip),Lil' Flip,0.6897352168666147,0.5319396051103368,0.8355091383812012,0.5488928201061429,0.665124476756995,0.0029933551390467655,0.7922725384295805,1.3405405405405402e-06
One Thing,Finger Eleven,0.6326045289983675,0.5063879210220674,0.5195822454308094,0.5057646556457025,0.42278034809429393,0.4680341400609562,0.02035729123390112,0.0
Headsprung,LL Cool J,0.2629374600695677,0.7746806039488967,0.6892950391644909,0.7278716525346185,0.44481163251817585,0.01188388693212252,0.009970918155380148,2.7027027027027023e-05
Damn!,YoungBloodZ,0.1502236104209555,0.70267131242741,0.7597911227154048,0.7254925882998842,0.5031945362414629,0.015549006045875774,0.5886996260905691,0.0
Damn!,Lil Jon,0.5615390075956557,0.45760743321718933,0.5691906005221933,0.5466357591654976,0.4018506278916061,0.0557605986081972,0.8815953469048609,0.0
Baby Boy,Beyoncé,0.19982253141194012,0.4285714285714286,0.6070496083550915,0.5198560361129752,0.803921568627451,0.0863381637857958,0.4079767345243041,1.2540540540540538e-06
Baby Boy,Sean Paul,0.20068857812167257,0.5830429732868757,0.6357702349869453,0.7300067101811749,0.8336638025996916,0.06979276892942395,0.4287494806813461,2.659459459459459e-06
Get Low,Lil Jon & the East Side Boyz,0.2707673741747711,0.5876887340301975,0.4321148825065275,0.6235588360885744,0.08239700374531839,0.031466094768461336,0.09015371832156212,0.0
Dirty Little Secret,The All-American Rejects,0.5748136579825371,0.9698025551684089,0.3590078328981724,0.819923137924724,0.43710068296981724,0.0003083935940000953,0.0423764021603656,5.816216216216215e-06
Whistle,Flo Rida,0.29175835877049766,0.9500580720092917,0.7271540469973891,0.728725675593241,0.746640229125358,0.021727349694774117,0.04507685916078105,0.0
Levitating,Dua Lipa,0.2846667139916235,0.8199767711962835,0.668407310704961,0.8482279021533582,0.940515532055519,0.009192642325737986,0.07582052347320316,0.0
